name,version,direct,dependencyType,scope,source,licenseMetadata,licenseFileDetected,licenseFromFileGuess,metadataFileMatch,inProductionBundle,devToolOnly,obligations,risk,recommendedAction,repository,homepage,whereFound
"@dnd-kit/utilities","3.2.2","direct","dependency","prod","npm","MIT","LICENSE","MIT License","likely-match","yes","no","zachowanie copyright; attribution/licencja w dystrybucji","GREEN","zachowaj notice/licencje","git+https://github.com/clauderic/dnd-kit.git","","prod"
"date-fns","4.1.0","direct","dependency","prod","npm","MIT","LICENSE.md","MIT License","likely-match","yes","no","zachowanie copyright; attribution/licencja w dystrybucji","GREEN","zachowaj notice/licencje","https://github.com/date-fns/date-fns","","prod"
"dexie","4.4.2","direct","dependency","prod","npm","Apache-2.0","LICENSE","Apache License","mismatch-possible","yes","no","zachowanie copyright; NOTICE (je?li istnieje); patent notice","GREEN","zachowaj notice/licencje","https://github.com/dexie/Dexie.js.git","https://dexie.org","prod"
"fflate","0.8.2","direct","dependency","prod","npm","MIT","LICENSE","MIT License","likely-match","yes","no","zachowanie copyright; attribution/licencja w dystrybucji","GREEN","zachowaj notice/licencje","https://github.com/101arrowz/fflate","https://101arrowz.github.io/fflate","prod"
"nanoid","5.1.7","direct","dependency","prod","npm","MIT","LICENSE","MIT License","likely-match","yes","no","zachowanie copyright; attribution/licencja w dystrybucji","GREEN","zachowaj notice/licencje","ai/nanoid","","prod"
"react","19.2.4","direct","dependency","prod","npm","MIT","LICENSE","MIT License","likely-match","yes","no","zachowanie copyright; attribution/licencja w dystrybucji","GREEN","zachowaj notice/licencje","https://github.com/facebook/react.git","https://react.dev/","prod"
"react-dom","19.2.4","direct","dependency","prod","npm","MIT","LICENSE","MIT License","likely-match","yes","no","zachowanie copyright; attribution/licencja w dystrybucji","GREEN","zachowaj notice/licencje","https://github.com/facebook/react.git","https://react.dev/","prod"
"react-hook-form","7.72.1","direct","dependency","prod","npm","MIT","LICENSE","MIT License","likely-match","yes","no","zachowanie copyright; attribution/licencja w dystrybucji","GREEN","zachowaj notice/licencje","https://github.com/react-hook-form/react-hook-form","https://react-hook-form.com","prod"
"zod","3.25.76","direct","dependency","prod","npm","MIT","LICENSE","MIT License","likely-match","yes","no","zachowanie copyright; attribution/licencja w dystrybucji","GREEN","zachowaj notice/licencje","git+https://github.com/colinhacks/zod.git","https://zod.dev","prod"
"@dnd-kit/sortable","10.0.0","direct","dependency","prod","npm","MIT","LICENSE","MIT License","likely-match","yes","no","zachowanie copyright; attribution/licencja w dystrybucji","GREEN","zachowaj notice/licencje","git+https://github.com/clauderic/dnd-kit.git","","prod"
"@dnd-kit/core","6.3.1","direct","dependency","prod","npm","MIT","LICENSE","MIT License","likely-match","yes","no","zachowanie copyright; attribution/licencja w dystrybucji","GREEN","zachowaj notice/licencje","git+https://github.com/clauderic/dnd-kit.git","","prod"
"tslib","2.8.1","transitive","transitive dependency","prod","npm","0BSD","LICENSE.txt","","insufficient-data","yes","no","zachowanie copyright; attribution/licencja w dystrybucji","GREEN","zachowaj notice/licencje","https://github.com/Microsoft/tslib.git","https://www.typescriptlang.org/","prod"
"dompurify","3.3.3","direct","dependency","prod","npm","(MPL-2.0 OR Apache-2.0)","LICENSE","Apache License","mismatch-possible","yes","no","zachowanie copyright; NOTICE (je?li istnieje); patent notice; wymagana weryfikacja prawna","GREEN","zachowaj notice/licencje","git://github.com/cure53/DOMPurify.git","https://github.com/cure53/DOMPurify","prod"
"@types/trusted-types","2.0.7","transitive","transitive dependency","prod","npm","MIT","LICENSE","MIT License","likely-match","yes","no","zachowanie copyright; attribution/licencja w dystrybucji","GREEN","zachowaj notice/licencje","https://github.com/DefinitelyTyped/DefinitelyTyped.git","https://github.com/DefinitelyTyped/DefinitelyTyped/tree/master/types/trusted-types","prod"
"lucide-react","0.460.0","direct","dependency","prod","npm","ISC","LICENSE","ISC License","likely-match","yes","no","zachowanie copyright; attribution/licencja w dystrybucji","GREEN","zachowaj notice/licencje","https://github.com/lucide-icons/lucide.git","https://lucide.dev","prod"
"react-easy-crop","5.5.7","direct","dependency","prod","npm","MIT","LICENSE","MIT License","likely-match","yes","no","zachowanie copyright; attribution/licencja w dystrybucji","GREEN","zachowaj notice/licencje","https://github.com/ValentinH/react-easy-crop","https://ValentinH.github.io/react-easy-crop/","prod"
"normalize-wheel","1.0.1","transitive","transitive dependency","prod","npm","BSD-3-Clause","LICENSE","BSD","likely-match","yes","no","zachowanie copyright; attribution/licencja w dystrybucji","GREEN","zachowaj notice/licencje","","","prod"
"react-router","7.14.0","direct","dependency","prod","npm","MIT","LICENSE.md","MIT License","likely-match","yes","no","zachowanie copyright; attribution/licencja w dystrybucji","GREEN","zachowaj notice/licencje","https://github.com/remix-run/react-router","","prod"
"cookie","1.1.1","transitive","transitive dependency","prod","npm","MIT","LICENSE","MIT License","likely-match","yes","no","zachowanie copyright; attribution/licencja w dystrybucji","GREEN","zachowaj notice/licencje","jshttp/cookie","","prod"
"set-cookie-parser","2.7.2","transitive","transitive dependency","prod","npm","MIT","LICENSE","MIT License","likely-match","yes","no","zachowanie copyright; attribution/licencja w dystrybucji","GREEN","zachowaj notice/licencje","nfriedly/set-cookie-parser","https://github.com/nfriedly/set-cookie-parser","prod"
"sonner","2.0.7","direct","dependency","prod","npm","MIT","LICENSE.md","MIT License","likely-match","yes","no","zachowanie copyright; attribution/licencja w dystrybucji","GREEN","zachowaj notice/licencje","git+https://github.com/emilkowalski/sonner.git","https://sonner.emilkowal.ski/","prod"
"zustand","5.0.12","direct","dependency","prod","npm","MIT","LICENSE","MIT License","likely-match","yes","no","zachowanie copyright; attribution/licencja w dystrybucji","GREEN","zachowaj notice/licencje","git+https://github.com/pmndrs/zustand.git","https://github.com/pmndrs/zustand","prod"
"@types/react","19.2.14","direct","dependency","prod","npm","MIT","LICENSE","MIT License","likely-match","yes","no","zachowanie copyright; attribution/licencja w dystrybucji","GREEN","zachowaj notice/licencje","https://github.com/DefinitelyTyped/DefinitelyTyped.git","https://github.com/DefinitelyTyped/DefinitelyTyped/tree/master/types/react","prod"
"use-sync-external-store","1.6.0","transitive","transitive dependency","prod","npm","MIT","LICENSE","MIT License","likely-match","yes","no","zachowanie copyright; attribution/licencja w dystrybucji","GREEN","zachowaj notice/licencje","https://github.com/facebook/react.git","","prod"
"@hookform/resolvers","3.10.0","direct","dependency","prod","npm","MIT","LICENSE","MIT License","likely-match","yes","no","zachowanie copyright; attribution/licencja w dystrybucji","GREEN","zachowaj notice/licencje","git+https://github.com/react-hook-form/resolvers.git","https://react-hook-form.com","prod"
"@tiptap/starter-kit","2.27.2","direct","dependency","prod","npm","MIT","","","insufficient-data","yes","no","zachowanie copyright; attribution/licencja w dystrybucji","GREEN","zachowaj notice/licencje","https://github.com/ueberdosis/tiptap","https://tiptap.dev","prod"
"@tiptap/core","2.27.2","transitive","transitive dependency","prod","npm","MIT","","","insufficient-data","yes","no","zachowanie copyright; attribution/licencja w dystrybucji","GREEN","zachowaj notice/licencje","https://github.com/ueberdosis/tiptap","https://tiptap.dev","prod"
"@tiptap/pm","2.27.2","transitive","transitive dependency","prod","npm","MIT","","","insufficient-data","yes","no","zachowanie copyright; attribution/licencja w dystrybucji","GREEN","zachowaj notice/licencje","https://github.com/ueberdosis/tiptap","https://tiptap.dev","prod"
"@tiptap/extension-blockquote","2.27.2","transitive","transitive dependency","prod","npm","MIT","","","insufficient-data","yes","no","zachowanie copyright; attribution/licencja w dystrybucji","GREEN","zachowaj notice/licencje","https://github.com/ueberdosis/tiptap","https://tiptap.dev","prod"
"@tiptap/extension-bold","2.27.2","transitive","transitive dependency","prod","npm","MIT","","","insufficient-data","yes","no","zachowanie copyright; attribution/licencja w dystrybucji","GREEN","zachowaj notice/licencje","https://github.com/ueberdosis/tiptap","https://tiptap.dev","prod"
"@tiptap/extension-bullet-list","2.27.2","transitive","transitive dependency","prod","npm","MIT","","","insufficient-data","yes","no","zachowanie copyright; attribution/licencja w dystrybucji","GREEN","zachowaj notice/licencje","https://github.com/ueberdosis/tiptap","https://tiptap.dev","prod"
"@tiptap/extension-code","2.27.2","transitive","transitive dependency","prod","npm","MIT","","","insufficient-data","yes","no","zachowanie copyright; attribution/licencja w dystrybucji","GREEN","zachowaj notice/licencje","https://github.com/ueberdosis/tiptap","https://tiptap.dev","prod"
"@tiptap/extension-code-block","2.27.2","transitive","transitive dependency","prod","npm","MIT","","","insufficient-data","yes","no","zachowanie copyright; attribution/licencja w dystrybucji","GREEN","zachowaj notice/licencje","https://github.com/ueberdosis/tiptap","https://tiptap.dev","prod"
"@tiptap/extension-document","2.27.2","transitive","transitive dependency","prod","npm","MIT","","","insufficient-data","yes","no","zachowanie copyright; attribution/licencja w dystrybucji","GREEN","zachowaj notice/licencje","https://github.com/ueberdosis/tiptap","https://tiptap.dev","prod"
"@tiptap/extension-dropcursor","2.27.2","transitive","transitive dependency","prod","npm","MIT","","","insufficient-data","yes","no","zachowanie copyright; attribution/licencja w dystrybucji","GREEN","zachowaj notice/licencje","https://github.com/ueberdosis/tiptap","https://tiptap.dev","prod"
"@tiptap/extension-gapcursor","2.27.2","transitive","transitive dependency","prod","npm","MIT","","","insufficient-data","yes","no","zachowanie copyright; attribution/licencja w dystrybucji","GREEN","zachowaj notice/licencje","https://github.com/ueberdosis/tiptap","https://tiptap.dev","prod"
"@tiptap/extension-hard-break","2.27.2","transitive","transitive dependency","prod","npm","MIT","","","insufficient-data","yes","no","zachowanie copyright; attribution/licencja w dystrybucji","GREEN","zachowaj notice/licencje","https://github.com/ueberdosis/tiptap","https://tiptap.dev","prod"
"@tiptap/extension-heading","2.27.2","transitive","transitive dependency","prod","npm","MIT","","","insufficient-data","yes","no","zachowanie copyright; attribution/licencja w dystrybucji","GREEN","zachowaj notice/licencje","https://github.com/ueberdosis/tiptap","https://tiptap.dev","prod"
"@tiptap/extension-history","2.27.2","transitive","transitive dependency","prod","npm","MIT","","","insufficient-data","yes","no","zachowanie copyright; attribution/licencja w dystrybucji","GREEN","zachowaj notice/licencje","https://github.com/ueberdosis/tiptap","https://tiptap.dev","prod"
"@tiptap/extension-horizontal-rule","2.27.2","transitive","transitive dependency","prod","npm","MIT","","","insufficient-data","yes","no","zachowanie copyright; attribution/licencja w dystrybucji","GREEN","zachowaj notice/licencje","https://github.com/ueberdosis/tiptap","https://tiptap.dev","prod"
"@tiptap/extension-italic","2.27.2","transitive","transitive dependency","prod","npm","MIT","","","insufficient-data","yes","no","zachowanie copyright; attribution/licencja w dystrybucji","GREEN","zachowaj notice/licencje","https://github.com/ueberdosis/tiptap","https://tiptap.dev","prod"
"@tiptap/extension-list-item","2.27.2","transitive","transitive dependency","prod","npm","MIT","","","insufficient-data","yes","no","zachowanie copyright; attribution/licencja w dystrybucji","GREEN","zachowaj notice/licencje","https://github.com/ueberdosis/tiptap","https://tiptap.dev","prod"
"@tiptap/extension-ordered-list","2.27.2","transitive","transitive dependency","prod","npm","MIT","","","insufficient-data","yes","no","zachowanie copyright; attribution/licencja w dystrybucji","GREEN","zachowaj notice/licencje","https://github.com/ueberdosis/tiptap","https://tiptap.dev","prod"
"@tiptap/extension-paragraph","2.27.2","transitive","transitive dependency","prod","npm","MIT","","","insufficient-data","yes","no","zachowanie copyright; attribution/licencja w dystrybucji","GREEN","zachowaj notice/licencje","https://github.com/ueberdosis/tiptap","https://tiptap.dev","prod"
"@tiptap/extension-strike","2.27.2","transitive","transitive dependency","prod","npm","MIT","","","insufficient-data","yes","no","zachowanie copyright; attribution/licencja w dystrybucji","GREEN","zachowaj notice/licencje","https://github.com/ueberdosis/tiptap","https://tiptap.dev","prod"
"@tiptap/extension-text","2.27.2","transitive","transitive dependency","prod","npm","MIT","","","insufficient-data","yes","no","zachowanie copyright; attribution/licencja w dystrybucji","GREEN","zachowaj notice/licencje","https://github.com/ueberdosis/tiptap","https://tiptap.dev","prod"
"@tiptap/extension-text-style","2.27.2","transitive","transitive dependency","prod","npm","MIT","","","insufficient-data","yes","no","zachowanie copyright; attribution/licencja w dystrybucji","GREEN","zachowaj notice/licencje","https://github.com/ueberdosis/tiptap","https://tiptap.dev","prod"
"dexie-react-hooks","1.1.7","direct","dependency","prod","npm","Apache-2.0","LICENSE","Apache License","mismatch-possible","yes","no","zachowanie copyright; NOTICE (je?li istnieje); patent notice","GREEN","zachowaj notice/licencje","git+https://github.com/dexie/Dexie.js.git","https://dexie.org","prod"
"@tiptap/react","2.27.2","direct","dependency","prod","npm","MIT","","","insufficient-data","yes","no","zachowanie copyright; attribution/licencja w dystrybucji","GREEN","zachowaj notice/licencje","https://github.com/ueberdosis/tiptap","https://tiptap.dev","prod"
"@types/use-sync-external-store","0.0.6","transitive","transitive dependency","prod","npm","MIT","LICENSE","MIT License","likely-match","yes","no","zachowanie copyright; attribution/licencja w dystrybucji","GREEN","zachowaj notice/licencje","https://github.com/DefinitelyTyped/DefinitelyTyped.git","https://github.com/DefinitelyTyped/DefinitelyTyped/tree/master/types/use-sync-external-store","prod"
"fast-deep-equal","3.1.3","transitive","transitive dependency","prod","npm","MIT","LICENSE","MIT License","likely-match","yes","no","zachowanie copyright; attribution/licencja w dystrybucji","GREEN","zachowaj notice/licencje","git+https://github.com/epoberezkin/fast-deep-equal.git","https://github.com/epoberezkin/fast-deep-equal#readme","prod"
"@tiptap/extension-floating-menu","2.27.2","transitive","transitive dependency","prod","npm","MIT","","","insufficient-data","yes","no","zachowanie copyright; attribution/licencja w dystrybucji","GREEN","zachowaj notice/licencje","https://github.com/ueberdosis/tiptap","https://tiptap.dev","prod"
"tippy.js","6.3.7","transitive","transitive dependency","prod","npm","MIT","LICENSE","MIT License","likely-match","yes","no","zachowanie copyright; attribution/licencja w dystrybucji","GREEN","zachowaj notice/licencje","git+https://github.com/atomiks/tippyjs.git","https://atomiks.github.io/tippyjs/","prod"
"@tiptap/extension-bubble-menu","2.27.2","transitive","transitive dependency","prod","npm","MIT","","","insufficient-data","yes","no","zachowanie copyright; attribution/licencja w dystrybucji","GREEN","zachowaj notice/licencje","https://github.com/ueberdosis/tiptap","https://tiptap.dev","prod"
"react-force-graph-2d","1.29.1","direct","dependency","prod","npm","MIT","","","insufficient-data","yes","no","zachowanie copyright; attribution/licencja w dystrybucji","GREEN","zachowaj notice/licencje","git+https://github.com/vasturiano/react-force-graph.git","https://github.com/vasturiano/react-force-graph","prod"
"react-kapsule","2.5.7","transitive","transitive dependency","prod","npm","MIT","LICENSE","MIT License","likely-match","yes","no","zachowanie copyright; attribution/licencja w dystrybucji","GREEN","zachowaj notice/licencje","git+https://github.com/vasturiano/react-kapsule.git","https://github.com/vasturiano/react-kapsule","prod"
"jerrypick","1.1.2","transitive","transitive dependency","prod","npm","MIT","LICENSE","MIT License","likely-match","yes","no","zachowanie copyright; attribution/licencja w dystrybucji","GREEN","zachowaj notice/licencje","git+https://github.com/vasturiano/jerrypick.git","https://github.com/vasturiano/jerrypick","prod"
"prop-types","15.8.1","transitive","transitive dependency","prod","npm","MIT","LICENSE","MIT License","likely-match","yes","no","zachowanie copyright; attribution/licencja w dystrybucji","GREEN","zachowaj notice/licencje","facebook/prop-types","https://facebook.github.io/react/","prod"
"object-assign","4.1.1","transitive","transitive dependency","prod","npm","MIT","license","MIT License","likely-match","yes","no","zachowanie copyright; attribution/licencja w dystrybucji","GREEN","zachowaj notice/licencje","sindresorhus/object-assign","","prod"
"react-is","16.13.1","transitive","transitive dependency","prod","npm","MIT","LICENSE","MIT License","likely-match","yes","no","zachowanie copyright; attribution/licencja w dystrybucji","GREEN","zachowaj notice/licencje","https://github.com/facebook/react.git","https://reactjs.org/","prod"
"loose-envify","1.4.0","transitive","transitive dependency","prod","npm","MIT","LICENSE","MIT License","likely-match","yes","no","zachowanie copyright; attribution/licencja w dystrybucji","GREEN","zachowaj notice/licencje","git://github.com/zertosh/loose-envify.git","https://github.com/zertosh/loose-envify","prod"
"js-tokens","4.0.0","transitive","transitive dependency","prod","npm","MIT","LICENSE","MIT License","likely-match","yes","no","zachowanie copyright; attribution/licencja w dystrybucji","GREEN","zachowaj notice/licencje","lydell/js-tokens","","prod"
"force-graph","1.51.2","transitive","transitive dependency","prod","npm","MIT","LICENSE","MIT License","likely-match","yes","no","zachowanie copyright; attribution/licencja w dystrybucji","GREEN","zachowaj notice/licencje","git+https://github.com/vasturiano/force-graph.git","https://github.com/vasturiano/force-graph","prod"
"@tweenjs/tween.js","25.0.0","transitive","transitive dependency","prod","npm","MIT","LICENSE","MIT License","likely-match","yes","no","zachowanie copyright; attribution/licencja w dystrybucji","GREEN","zachowaj notice/licencje","https://github.com/tweenjs/tween.js.git","https://github.com/tweenjs/tween.js","prod"
"accessor-fn","1.5.3","transitive","transitive dependency","prod","npm","MIT","LICENSE","MIT License","likely-match","yes","no","zachowanie copyright; attribution/licencja w dystrybucji","GREEN","zachowaj notice/licencje","git+https://github.com/vasturiano/accessor-fn.git","https://github.com/vasturiano/accessor-fn","prod"
"bezier-js","6.1.4","transitive","transitive dependency","prod","npm","MIT","","","insufficient-data","yes","no","zachowanie copyright; attribution/licencja w dystrybucji","GREEN","zachowaj notice/licencje","https://github.com/Pomax/bezierjs","https://github.com/Pomax/bezierjs","prod"
"d3-selection","3.0.0","transitive","transitive dependency","prod","npm","ISC","LICENSE","","insufficient-data","yes","no","zachowanie copyright; attribution/licencja w dystrybucji","GREEN","zachowaj notice/licencje","https://github.com/d3/d3-selection.git","https://d3js.org/d3-selection/","prod"
"index-array-by","1.4.2","transitive","transitive dependency","prod","npm","MIT","LICENSE","MIT License","likely-match","yes","no","zachowanie copyright; attribution/licencja w dystrybucji","GREEN","zachowaj notice/licencje","git+https://github.com/vasturiano/index-array-by.git","https://github.com/vasturiano/index-array-by","prod"
"kapsule","1.16.3","transitive","transitive dependency","prod","npm","MIT","LICENSE","MIT License","likely-match","yes","no","zachowanie copyright; attribution/licencja w dystrybucji","GREEN","zachowaj notice/licencje","git+https://github.com/vasturiano/kapsule.git","https://github.com/vasturiano/kapsule","prod"
"lodash-es","4.18.1","transitive","transitive dependency","prod","npm","MIT","LICENSE","","insufficient-data","yes","no","zachowanie copyright; attribution/licencja w dystrybucji","GREEN","zachowaj notice/licencje","lodash/lodash","https://lodash.com/custom-builds","prod"
"canvas-color-tracker","1.3.2","transitive","transitive dependency","prod","npm","MIT","LICENSE","MIT License","likely-match","yes","no","zachowanie copyright; attribution/licencja w dystrybucji","GREEN","zachowaj notice/licencje","git+https://github.com/vasturiano/canvas-color-tracker.git","https://github.com/vasturiano/canvas-color-tracker","prod"
"tinycolor2","1.6.0","transitive","transitive dependency","prod","npm","MIT","LICENSE","","insufficient-data","yes","no","zachowanie copyright; attribution/licencja w dystrybucji","GREEN","zachowaj notice/licencje","https://github.com/bgrins/TinyColor.git","","prod"
"d3-array","3.2.4","transitive","transitive dependency","prod","npm","ISC","LICENSE","","insufficient-data","yes","no","zachowanie copyright; attribution/licencja w dystrybucji","GREEN","zachowaj notice/licencje","https://github.com/d3/d3-array.git","https://d3js.org/d3-array/","prod"
"internmap","2.0.3","transitive","transitive dependency","prod","npm","ISC","LICENSE","","insufficient-data","yes","no","zachowanie copyright; attribution/licencja w dystrybucji","GREEN","zachowaj notice/licencje","https://github.com/mbostock/internmap.git","https://github.com/mbostock/internmap/","prod"
"d3-drag","3.0.0","transitive","transitive dependency","prod","npm","ISC","LICENSE","","insufficient-data","yes","no","zachowanie copyright; attribution/licencja w dystrybucji","GREEN","zachowaj notice/licencje","https://github.com/d3/d3-drag.git","https://d3js.org/d3-drag/","prod"
"d3-dispatch","3.0.1","transitive","transitive dependency","prod","npm","ISC","LICENSE","","insufficient-data","yes","no","zachowanie copyright; attribution/licencja w dystrybucji","GREEN","zachowaj notice/licencje","https://github.com/d3/d3-dispatch.git","https://d3js.org/d3-dispatch/","prod"
"d3-force-3d","3.0.6","transitive","transitive dependency","prod","npm","MIT","LICENSE","MIT License","likely-match","yes","no","zachowanie copyright; attribution/licencja w dystrybucji","GREEN","zachowaj notice/licencje","https://github.com/vasturiano/d3-force-3d.git","https://github.com/vasturiano/d3-force-3d","prod"
"d3-binarytree","1.0.2","transitive","transitive dependency","prod","npm","MIT","LICENSE","MIT License","likely-match","yes","no","zachowanie copyright; attribution/licencja w dystrybucji","GREEN","zachowaj notice/licencje","https://github.com/vasturiano/d3-binarytree.git","https://github.com/vasturiano/d3-binarytree","prod"
"d3-octree","1.1.0","transitive","transitive dependency","prod","npm","MIT","LICENSE","MIT License","likely-match","yes","no","zachowanie copyright; attribution/licencja w dystrybucji","GREEN","zachowaj notice/licencje","https://github.com/vasturiano/d3-octree.git","https://github.com/vasturiano/d3-octree","prod"
"d3-quadtree","3.0.1","transitive","transitive dependency","prod","npm","ISC","LICENSE","","insufficient-data","yes","no","zachowanie copyright; attribution/licencja w dystrybucji","GREEN","zachowaj notice/licencje","https://github.com/d3/d3-quadtree.git","https://d3js.org/d3-quadtree/","prod"
"d3-timer","3.0.1","transitive","transitive dependency","prod","npm","ISC","LICENSE","","insufficient-data","yes","no","zachowanie copyright; attribution/licencja w dystrybucji","GREEN","zachowaj notice/licencje","https://github.com/d3/d3-timer.git","https://d3js.org/d3-timer/","prod"
"d3-scale-chromatic","3.1.0","transitive","transitive dependency","prod","npm","ISC","LICENSE","Apache License, Version 2.0","mismatch-possible","yes","no","zachowanie copyright; attribution/licencja w dystrybucji","GREEN","zachowaj notice/licencje","https://github.com/d3/d3-scale-chromatic.git","https://d3js.org/d3-scale-chromatic/","prod"
"d3-color","3.1.0","transitive","transitive dependency","prod","npm","ISC","LICENSE","","insufficient-data","yes","no","zachowanie copyright; attribution/licencja w dystrybucji","GREEN","zachowaj notice/licencje","https://github.com/d3/d3-color.git","https://d3js.org/d3-color/","prod"
"d3-interpolate","3.0.1","transitive","transitive dependency","prod","npm","ISC","LICENSE","","insufficient-data","yes","no","zachowanie copyright; attribution/licencja w dystrybucji","GREEN","zachowaj notice/licencje","https://github.com/d3/d3-interpolate.git","https://d3js.org/d3-interpolate/","prod"
"d3-scale","4.0.2","transitive","transitive dependency","prod","npm","ISC","LICENSE","","insufficient-data","yes","no","zachowanie copyright; attribution/licencja w dystrybucji","GREEN","zachowaj notice/licencje","https://github.com/d3/d3-scale.git","https://d3js.org/d3-scale/","prod"
"d3-format","3.1.2","transitive","transitive dependency","prod","npm","ISC","LICENSE","","insufficient-data","yes","no","zachowanie copyright; attribution/licencja w dystrybucji","GREEN","zachowaj notice/licencje","https://github.com/d3/d3-format.git","https://d3js.org/d3-format/","prod"
"d3-time","3.1.0","transitive","transitive dependency","prod","npm","ISC","LICENSE","","insufficient-data","yes","no","zachowanie copyright; attribution/licencja w dystrybucji","GREEN","zachowaj notice/licencje","https://github.com/d3/d3-time.git","https://d3js.org/d3-time/","prod"
"d3-time-format","4.1.0","transitive","transitive dependency","prod","npm","ISC","LICENSE","","insufficient-data","yes","no","zachowanie copyright; attribution/licencja w dystrybucji","GREEN","zachowaj notice/licencje","https://github.com/d3/d3-time-format.git","https://d3js.org/d3-time-format/","prod"
"d3-zoom","3.0.0","transitive","transitive dependency","prod","npm","ISC","LICENSE","","insufficient-data","yes","no","zachowanie copyright; attribution/licencja w dystrybucji","GREEN","zachowaj notice/licencje","https://github.com/d3/d3-zoom.git","https://d3js.org/d3-zoom/","prod"
"d3-transition","3.0.1","transitive","transitive dependency","prod","npm","ISC","LICENSE","","insufficient-data","yes","no","zachowanie copyright; attribution/licencja w dystrybucji","GREEN","zachowaj notice/licencje","https://github.com/d3/d3-transition.git","https://d3js.org/d3-transition/","prod"
"d3-ease","3.0.1","transitive","transitive dependency","prod","npm","BSD-3-Clause","LICENSE","","insufficient-data","yes","no","zachowanie copyright; attribution/licencja w dystrybucji","GREEN","zachowaj notice/licencje","https://github.com/d3/d3-ease.git","https://d3js.org/d3-ease/","prod"
"float-tooltip","1.7.5","transitive","transitive dependency","prod","npm","MIT","LICENSE","MIT License","likely-match","yes","no","zachowanie copyright; attribution/licencja w dystrybucji","GREEN","zachowaj notice/licencje","git+https://github.com/vasturiano/float-tooltip.git","https://github.com/vasturiano/float-tooltip","prod"
"preact","10.29.1","transitive","transitive dependency","prod","npm","MIT","LICENSE","MIT License","likely-match","yes","no","zachowanie copyright; attribution/licencja w dystrybucji","GREEN","zachowaj notice/licencje","preactjs/preact","https://preactjs.com","prod"
"@tiptap/extension-link","2.27.2","direct","dependency","prod","npm","MIT","","","insufficient-data","yes","no","zachowanie copyright; attribution/licencja w dystrybucji","GREEN","zachowaj notice/licencje","https://github.com/ueberdosis/tiptap","https://tiptap.dev","prod"
"linkifyjs","4.3.2","transitive","transitive dependency","prod","npm","MIT","LICENSE","","insufficient-data","yes","no","zachowanie copyright; attribution/licencja w dystrybucji","GREEN","zachowaj notice/licencje","git+https://github.com/nfrasser/linkifyjs.git","https://linkify.js.org","prod"
"@cspell/dict-pl_pl","3.0.6","direct","devDependency","dev","npm","LGPL-3.0+","LICENSE","GNU General Public License","mismatch-possible","no","yes","zachowanie copyright; wymagana weryfikacja prawna","YELLOW","weryfikacja legal + notice","https://github.com/streetsidesoftware/cspell-dicts","https://github.com/streetsidesoftware/cspell-dicts/blob/main/dictionaries/pl_PL#readme","dev"
"@eslint/js","9.39.4","direct","devDependency","dev","npm","MIT","LICENSE","","insufficient-data","no","yes","zachowanie copyright; attribution/licencja w dystrybucji","GREEN","zachowaj notice/licencje","https://github.com/eslint/eslint.git","https://eslint.org","dev"
"fake-indexeddb","6.2.5","direct","devDependency","dev","npm","Apache-2.0","LICENSE","Apache License","mismatch-possible","no","yes","zachowanie copyright; NOTICE (je?li istnieje); patent notice","GREEN","zachowaj notice/licencje","git://github.com/dumbmatter/fakeIndexedDB.git","https://github.com/dumbmatter/fakeIndexedDB","dev"
"globals","15.15.0","direct","devDependency","dev","npm","MIT","license","MIT License","likely-match","no","yes","zachowanie copyright; attribution/licencja w dystrybucji","GREEN","zachowaj notice/licencje","sindresorhus/globals","","dev"
"prettier","3.8.1","direct","devDependency","dev","npm","MIT","LICENSE","","insufficient-data","no","yes","zachowanie copyright; attribution/licencja w dystrybucji","GREEN","zachowaj notice/licencje","prettier/prettier","https://prettier.io","dev"
"tailwindcss","4.2.2","direct","devDependency","dev","npm","MIT","LICENSE","MIT License","likely-match","no","yes","zachowanie copyright; attribution/licencja w dystrybucji","GREEN","zachowaj notice/licencje","https://github.com/tailwindlabs/tailwindcss.git","https://tailwindcss.com","dev"
"typescript","6.0.3","direct","devDependency","dev","npm","Apache-2.0","LICENSE.txt","Apache License","mismatch-possible","no","yes","zachowanie copyright; NOTICE (je?li istnieje); patent notice","GREEN","zachowaj notice/licencje","https://github.com/microsoft/TypeScript.git","https://www.typescriptlang.org/","dev"
"vite","6.4.2","direct","devDependency","dev","npm","MIT","LICENSE.md","MIT license","likely-match","no","yes","zachowanie copyright; attribution/licencja w dystrybucji","GREEN","zachowaj notice/licencje","git+https://github.com/vitejs/vite.git","https://vite.dev","dev"
"@testing-library/user-event","14.6.1","direct","devDependency","dev","npm","MIT","LICENSE","MIT License","likely-match","no","yes","zachowanie copyright; attribution/licencja w dystrybucji","GREEN","zachowaj notice/licencje","https://github.com/testing-library/user-event","https://github.com/testing-library/user-event#readme","dev"
"@testing-library/dom","10.4.1","transitive","transitive devDependency","dev","npm","MIT","LICENSE","MIT License","likely-match","no","yes","zachowanie copyright; attribution/licencja w dystrybucji","GREEN","zachowaj notice/licencje","https://github.com/testing-library/dom-testing-library","https://github.com/testing-library/dom-testing-library#readme","dev"
"@types/dompurify","3.2.0","direct","devDependency","dev","npm","MIT","LICENSE","MIT License","likely-match","no","yes","zachowanie copyright; attribution/licencja w dystrybucji","GREEN","zachowaj notice/licencje","","","dev"
"dompurify","3.3.3","direct","devDependency","dev","npm","(MPL-2.0 OR Apache-2.0)","LICENSE","Apache License","mismatch-possible","no","yes","zachowanie copyright; NOTICE (je?li istnieje); patent notice; wymagana weryfikacja prawna","GREEN","zachowaj notice/licencje","git://github.com/cure53/DOMPurify.git","https://github.com/cure53/DOMPurify","dev"
"@types/node","25.5.2","direct","devDependency","dev","npm","MIT","LICENSE","MIT License","likely-match","no","yes","zachowanie copyright; attribution/licencja w dystrybucji","GREEN","zachowaj notice/licencje","https://github.com/DefinitelyTyped/DefinitelyTyped.git","https://github.com/DefinitelyTyped/DefinitelyTyped/tree/master/types/node","dev"
"undici-types","7.18.2","transitive","transitive devDependency","dev","npm","MIT","LICENSE","MIT License","likely-match","no","yes","zachowanie copyright; attribution/licencja w dystrybucji","GREEN","zachowaj notice/licencje","git+https://github.com/nodejs/undici.git","https://undici.nodejs.org","dev"
"@types/react","19.2.14","direct","devDependency","dev","npm","MIT","LICENSE","MIT License","likely-match","no","yes","zachowanie copyright; attribution/licencja w dystrybucji","GREEN","zachowaj notice/licencje","https://github.com/DefinitelyTyped/DefinitelyTyped.git","https://github.com/DefinitelyTyped/DefinitelyTyped/tree/master/types/react","dev"
"csstype","3.2.3","transitive","transitive devDependency","dev","npm","MIT","LICENSE","","insufficient-data","no","yes","zachowanie copyright; attribution/licencja w dystrybucji","GREEN","zachowaj notice/licencje","https://github.com/frenic/csstype","","dev"
"@types/react-dom","19.2.3","direct","devDependency","dev","npm","MIT","LICENSE","MIT License","likely-match","no","yes","zachowanie copyright; attribution/licencja w dystrybucji","GREEN","zachowaj notice/licencje","https://github.com/DefinitelyTyped/DefinitelyTyped.git","https://github.com/DefinitelyTyped/DefinitelyTyped/tree/master/types/react-dom","dev"
"eslint-plugin-react-hooks","5.2.0","direct","devDependency","dev","npm","MIT","LICENSE","MIT License","likely-match","no","yes","zachowanie copyright; attribution/licencja w dystrybucji","GREEN","zachowaj notice/licencje","https://github.com/facebook/react.git","https://react.dev/","dev"
"eslint","9.39.4","direct","devDependency","dev","npm","MIT","LICENSE","","insufficient-data","no","yes","zachowanie copyright; attribution/licencja w dystrybucji","GREEN","zachowaj notice/licencje","eslint/eslint","https://eslint.org","dev"
"eslint-plugin-react-refresh","0.4.26","direct","devDependency","dev","npm","MIT","LICENSE","MIT License","likely-match","no","yes","zachowanie copyright; attribution/licencja w dystrybucji","GREEN","zachowaj notice/licencje","github:ArnaudBarre/eslint-plugin-react-refresh","","dev"
"prettier-plugin-tailwindcss","0.6.14","direct","devDependency","dev","npm","MIT","LICENSE","MIT License","likely-match","no","yes","zachowanie copyright; attribution/licencja w dystrybucji","GREEN","zachowaj notice/licencje","https://github.com/tailwindlabs/prettier-plugin-tailwindcss","","dev"
"@playwright/test","1.59.1","direct","devDependency","dev","npm","Apache-2.0","LICENSE","Apache License","mismatch-possible","no","yes","zachowanie copyright; NOTICE (je?li istnieje); patent notice","GREEN","zachowaj notice/licencje","git+https://github.com/microsoft/playwright.git","https://playwright.dev","dev"
"playwright","1.59.1","transitive","transitive devDependency","dev","npm","Apache-2.0","LICENSE","Apache License","mismatch-possible","no","yes","zachowanie copyright; NOTICE (je?li istnieje); patent notice","GREEN","zachowaj notice/licencje","git+https://github.com/microsoft/playwright.git","https://playwright.dev","dev"
"playwright-core","1.59.1","transitive","transitive devDependency","dev","npm","Apache-2.0","LICENSE","Apache License","mismatch-possible","no","yes","zachowanie copyright; NOTICE (je?li istnieje); patent notice","GREEN","zachowaj notice/licencje","git+https://github.com/microsoft/playwright.git","https://playwright.dev","dev"
"@testing-library/jest-dom","6.9.1","direct","devDependency","dev","npm","MIT","LICENSE","MIT License","likely-match","no","yes","zachowanie copyright; attribution/licencja w dystrybucji","GREEN","zachowaj notice/licencje","https://github.com/testing-library/jest-dom","https://github.com/testing-library/jest-dom#readme","dev"
"@adobe/css-tools","4.4.4","transitive","transitive devDependency","dev","npm","MIT","LICENSE","MIT License","likely-match","no","yes","zachowanie copyright; attribution/licencja w dystrybucji","GREEN","zachowaj notice/licencje","https://github.com/adobe/css-tools.git","","dev"
"aria-query","5.3.2","transitive","transitive devDependency","dev","npm","Apache-2.0","LICENSE","Apache License","mismatch-possible","no","yes","zachowanie copyright; NOTICE (je?li istnieje); patent notice","GREEN","zachowaj notice/licencje","git+https://github.com/A11yance/aria-query.git","https://github.com/A11yance/aria-query#readme","dev"
"css.escape","1.5.1","transitive","transitive devDependency","dev","npm","MIT","","","insufficient-data","no","yes","zachowanie copyright; attribution/licencja w dystrybucji","GREEN","zachowaj notice/licencje","https://github.com/mathiasbynens/CSS.escape.git","https://mths.be/cssescape","dev"
"dom-accessibility-api","0.6.3","transitive","transitive devDependency","dev","npm","MIT","LICENSE.md","MIT License","likely-match","no","yes","zachowanie copyright; attribution/licencja w dystrybucji","GREEN","zachowaj notice/licencje","https://github.com/eps1lon/dom-accessibility-api.git","","dev"
"picocolors","1.1.1","transitive","transitive devDependency","dev","npm","ISC","LICENSE","ISC License","likely-match","no","yes","zachowanie copyright; attribution/licencja w dystrybucji","GREEN","zachowaj notice/licencje","alexeyraspopov/picocolors","","dev"
"redent","3.0.0","transitive","transitive devDependency","dev","npm","MIT","license","MIT License","likely-match","no","yes","zachowanie copyright; attribution/licencja w dystrybucji","GREEN","zachowaj notice/licencje","sindresorhus/redent","","dev"
"indent-string","4.0.0","transitive","transitive devDependency","dev","npm","MIT","license","MIT License","likely-match","no","yes","zachowanie copyright; attribution/licencja w dystrybucji","GREEN","zachowaj notice/licencje","sindresorhus/indent-string","","dev"
"strip-indent","3.0.0","transitive","transitive devDependency","dev","npm","MIT","license","MIT License","likely-match","no","yes","zachowanie copyright; attribution/licencja w dystrybucji","GREEN","zachowaj notice/licencje","sindresorhus/strip-indent","","dev"
"min-indent","1.0.1","transitive","transitive devDependency","dev","npm","MIT","license","MIT License","likely-match","no","yes","zachowanie copyright; attribution/licencja w dystrybucji","GREEN","zachowaj notice/licencje","https://github.com/thejameskyle/min-indent","","dev"
"@testing-library/react","16.3.2","direct","devDependency","dev","npm","MIT","LICENSE","MIT License","likely-match","no","yes","zachowanie copyright; attribution/licencja w dystrybucji","GREEN","zachowaj notice/licencje","https://github.com/testing-library/react-testing-library","https://github.com/testing-library/react-testing-library#readme","dev"
"@babel/runtime","7.29.2","transitive","transitive devDependency","dev","npm","MIT","LICENSE","MIT License","likely-match","no","yes","zachowanie copyright; attribution/licencja w dystrybucji","GREEN","zachowaj notice/licencje","https://github.com/babel/babel.git","https://babel.dev/docs/en/next/babel-runtime","dev"
"react","19.2.4","direct","devDependency","dev","npm","MIT","LICENSE","MIT License","likely-match","no","yes","zachowanie copyright; attribution/licencja w dystrybucji","GREEN","zachowaj notice/licencje","https://github.com/facebook/react.git","https://react.dev/","dev"
"react-dom","19.2.4","direct","devDependency","dev","npm","MIT","LICENSE","MIT License","likely-match","no","yes","zachowanie copyright; attribution/licencja w dystrybucji","GREEN","zachowaj notice/licencje","https://github.com/facebook/react.git","https://react.dev/","dev"
"scheduler","0.27.0","transitive","transitive devDependency","dev","npm","MIT","LICENSE","MIT License","likely-match","no","yes","zachowanie copyright; attribution/licencja w dystrybucji","GREEN","zachowaj notice/licencje","https://github.com/facebook/react.git","https://react.dev/","dev"
"vitest","3.2.4","direct","devDependency","dev","npm","MIT","LICENSE.md","MIT license","likely-match","no","yes","zachowanie copyright; attribution/licencja w dystrybucji","GREEN","zachowaj notice/licencje","git+https://github.com/vitest-dev/vitest.git","https://github.com/vitest-dev/vitest#readme","dev"
"@vitest/pretty-format","3.2.4","transitive","transitive devDependency","dev","npm","MIT","LICENSE","MIT License","likely-match","no","yes","zachowanie copyright; attribution/licencja w dystrybucji","GREEN","zachowaj notice/licencje","git+https://github.com/vitest-dev/vitest.git","https://github.com/vitest-dev/vitest/tree/main/packages/utils#readme","dev"
"@vitest/spy","3.2.4","transitive","transitive devDependency","dev","npm","MIT","LICENSE","MIT License","likely-match","no","yes","zachowanie copyright; attribution/licencja w dystrybucji","GREEN","zachowaj notice/licencje","git+https://github.com/vitest-dev/vitest.git","https://github.com/vitest-dev/vitest/tree/main/packages/spy#readme","dev"
"@vitest/utils","3.2.4","transitive","transitive devDependency","dev","npm","MIT","LICENSE","MIT License","likely-match","no","yes","zachowanie copyright; attribution/licencja w dystrybucji","GREEN","zachowaj notice/licencje","git+https://github.com/vitest-dev/vitest.git","https://github.com/vitest-dev/vitest/tree/main/packages/utils#readme","dev"
"chai","5.3.3","transitive","transitive devDependency","dev","npm","MIT","LICENSE","MIT License","likely-match","no","yes","zachowanie copyright; attribution/licencja w dystrybucji","GREEN","zachowaj notice/licencje","https://github.com/chaijs/chai","http://chaijs.com","dev"
"debug","4.4.3","transitive","transitive devDependency","dev","npm","MIT","LICENSE","MIT License","likely-match","no","yes","zachowanie copyright; attribution/licencja w dystrybucji","GREEN","zachowaj notice/licencje","git://github.com/debug-js/debug.git","","dev"
"expect-type","1.3.0","transitive","transitive devDependency","dev","npm","Apache-2.0","LICENSE","Apache License, Version 2.0","mismatch-possible","no","yes","zachowanie copyright; NOTICE (je?li istnieje); patent notice","GREEN","zachowaj notice/licencje","https://github.com/mmkal/expect-type.git","https://github.com/mmkal/expect-type#readme","dev"
"magic-string","0.30.21","transitive","transitive devDependency","dev","npm","MIT","LICENSE","","insufficient-data","no","yes","zachowanie copyright; attribution/licencja w dystrybucji","GREEN","zachowaj notice/licencje","git+https://github.com/Rich-Harris/magic-string.git","","dev"
"pathe","2.0.3","transitive","transitive devDependency","dev","npm","MIT","LICENSE","MIT License","likely-match","no","yes","zachowanie copyright; attribution/licencja w dystrybucji","GREEN","zachowaj notice/licencje","unjs/pathe","","dev"
"picomatch","4.0.4","transitive","transitive devDependency","dev","npm","MIT","LICENSE","MIT License","likely-match","no","yes","zachowanie copyright; attribution/licencja w dystrybucji","GREEN","zachowaj notice/licencje","micromatch/picomatch","https://github.com/micromatch/picomatch","dev"
"std-env","3.10.0","transitive","transitive devDependency","dev","npm","MIT","LICENCE","MIT License","likely-match","no","yes","zachowanie copyright; attribution/licencja w dystrybucji","GREEN","zachowaj notice/licencje","unjs/std-env","","dev"
"tinybench","2.9.0","transitive","transitive devDependency","dev","npm","MIT","LICENSE","MIT License","likely-match","no","yes","zachowanie copyright; attribution/licencja w dystrybucji","GREEN","zachowaj notice/licencje","tinylibs/tinybench","","dev"
"tinyexec","0.3.2","transitive","transitive devDependency","dev","npm","MIT","LICENSE","MIT License","likely-match","no","yes","zachowanie copyright; attribution/licencja w dystrybucji","GREEN","zachowaj notice/licencje","git+https://github.com/tinylibs/tinyexec.git","https://github.com/tinylibs/tinyexec#readme","dev"
"tinyglobby","0.2.15","transitive","transitive devDependency","dev","npm","MIT","LICENSE","MIT License","likely-match","no","yes","zachowanie copyright; attribution/licencja w dystrybucji","GREEN","zachowaj notice/licencje","git+https://github.com/SuperchupuDev/tinyglobby.git","https://superchupu.dev/tinyglobby","dev"
"tinypool","1.1.1","transitive","transitive devDependency","dev","npm","MIT","LICENSE","MIT License","likely-match","no","yes","zachowanie copyright; attribution/licencja w dystrybucji","GREEN","zachowaj notice/licencje","https://github.com/tinylibs/tinypool.git","https://github.com/tinylibs/tinypool#readme","dev"
"tinyrainbow","2.0.0","transitive","transitive devDependency","dev","npm","MIT","LICENCE","MIT License","likely-match","no","yes","zachowanie copyright; attribution/licencja w dystrybucji","GREEN","zachowaj notice/licencje","git+https://github.com/tinylibs/tinyrainbow.git","https://github.com/tinylibs/tinyrainbow#readme","dev"
"@types/chai","5.2.3","transitive","transitive devDependency","dev","npm","MIT","LICENSE","MIT License","likely-match","no","yes","zachowanie copyright; attribution/licencja w dystrybucji","GREEN","zachowaj notice/licencje","https://github.com/DefinitelyTyped/DefinitelyTyped.git","https://github.com/DefinitelyTyped/DefinitelyTyped/tree/master/types/chai","dev"
"@types/deep-eql","4.0.2","transitive","transitive devDependency","dev","npm","MIT","LICENSE","MIT License","likely-match","no","yes","zachowanie copyright; attribution/licencja w dystrybucji","GREEN","zachowaj notice/licencje","https://github.com/DefinitelyTyped/DefinitelyTyped.git","https://github.com/DefinitelyTyped/DefinitelyTyped/tree/master/types/deep-eql","dev"
"assertion-error","2.0.1","transitive","transitive devDependency","dev","npm","MIT","LICENSE","MIT License","likely-match","no","yes","zachowanie copyright; attribution/licencja w dystrybucji","GREEN","zachowaj notice/licencje","git@github.com:chaijs/assertion-error.git","","dev"
"@vitest/snapshot","3.2.4","transitive","transitive devDependency","dev","npm","MIT","LICENSE","MIT License","likely-match","no","yes","zachowanie copyright; attribution/licencja w dystrybucji","GREEN","zachowaj notice/licencje","git+https://github.com/vitest-dev/vitest.git","https://github.com/vitest-dev/vitest/tree/main/packages/snapshot#readme","dev"
"vite-node","3.2.4","transitive","transitive devDependency","dev","npm","MIT","LICENSE","MIT License","likely-match","no","yes","zachowanie copyright; attribution/licencja w dystrybucji","GREEN","zachowaj notice/licencje","git+https://github.com/vitest-dev/vitest.git","https://github.com/vitest-dev/vitest/blob/main/packages/vite-node#readme","dev"
"cac","6.7.14","transitive","transitive devDependency","dev","npm","MIT","LICENSE","MIT License","likely-match","no","yes","zachowanie copyright; attribution/licencja w dystrybucji","GREEN","zachowaj notice/licencje","egoist/cac","","dev"
"es-module-lexer","1.7.0","transitive","transitive devDependency","dev","npm","MIT","LICENSE","MIT License","likely-match","no","yes","zachowanie copyright; attribution/licencja w dystrybucji","GREEN","zachowaj notice/licencje","git+https://github.com/guybedford/es-module-lexer.git","https://github.com/guybedford/es-module-lexer#readme","dev"
"why-is-node-running","2.3.0","transitive","transitive devDependency","dev","npm","MIT","LICENSE","MIT License","likely-match","no","yes","zachowanie copyright; attribution/licencja w dystrybucji","GREEN","zachowaj notice/licencje","https://github.com/mafintosh/why-is-node-running.git","https://github.com/mafintosh/why-is-node-running","dev"
"siginfo","2.0.0","transitive","transitive devDependency","dev","npm","ISC","LICENSE","","insufficient-data","no","yes","zachowanie copyright; attribution/licencja w dystrybucji","GREEN","zachowaj notice/licencje","git+https://github.com/emilbayes/siginfo.git","https://github.com/emilbayes/siginfo#readme","dev"
"stackback","0.0.2","transitive","transitive devDependency","dev","npm","MIT","","","insufficient-data","no","yes","zachowanie copyright; attribution/licencja w dystrybucji","GREEN","zachowaj notice/licencje","git://github.com/shtylman/node-stackback.git","","dev"
"@vitest/mocker","3.2.4","transitive","transitive devDependency","dev","npm","MIT","LICENSE","MIT License","likely-match","no","yes","zachowanie copyright; attribution/licencja w dystrybucji","GREEN","zachowaj notice/licencje","git+https://github.com/vitest-dev/vitest.git","https://github.com/vitest-dev/vitest/tree/main/packages/mocker#readme","dev"
"estree-walker","3.0.3","transitive","transitive devDependency","dev","npm","MIT","LICENSE","","insufficient-data","no","yes","zachowanie copyright; attribution/licencja w dystrybucji","GREEN","zachowaj notice/licencje","https://github.com/Rich-Harris/estree-walker","","dev"
"@types/estree","1.0.8","transitive","transitive devDependency","dev","npm","MIT","LICENSE","MIT License","likely-match","no","yes","zachowanie copyright; attribution/licencja w dystrybucji","GREEN","zachowaj notice/licencje","https://github.com/DefinitelyTyped/DefinitelyTyped.git","https://github.com/DefinitelyTyped/DefinitelyTyped/tree/master/types/estree","dev"
"@vitest/runner","3.2.4","transitive","transitive devDependency","dev","npm","MIT","LICENSE","MIT License","likely-match","no","yes","zachowanie copyright; attribution/licencja w dystrybucji","GREEN","zachowaj notice/licencje","git+https://github.com/vitest-dev/vitest.git","https://github.com/vitest-dev/vitest/tree/main/packages/runner#readme","dev"
"strip-literal","3.1.0","transitive","transitive devDependency","dev","npm","MIT","LICENSE","MIT License","likely-match","no","yes","zachowanie copyright; attribution/licencja w dystrybucji","GREEN","zachowaj notice/licencje","git+https://github.com/antfu/strip-literal.git","https://github.com/antfu/strip-literal#readme","dev"
"js-tokens","9.0.1","transitive","transitive devDependency","dev","npm","MIT","LICENSE","MIT License","likely-match","no","yes","zachowanie copyright; attribution/licencja w dystrybucji","GREEN","zachowaj notice/licencje","lydell/js-tokens","","dev"
"@vitest/expect","3.2.4","transitive","transitive devDependency","dev","npm","MIT","LICENSE","MIT License","likely-match","no","yes","zachowanie copyright; attribution/licencja w dystrybucji","GREEN","zachowaj notice/licencje","git+https://github.com/vitest-dev/vitest.git","https://github.com/vitest-dev/vitest/tree/main/packages/expect#readme","dev"
"@tailwindcss/vite","4.2.2","direct","devDependency","dev","npm","MIT","LICENSE","MIT License","likely-match","no","yes","zachowanie copyright; attribution/licencja w dystrybucji","GREEN","zachowaj notice/licencje","https://github.com/tailwindlabs/tailwindcss.git","https://tailwindcss.com","dev"
"@tailwindcss/oxide","4.2.2","transitive","transitive devDependency","dev","npm","MIT","LICENSE","MIT License","likely-match","no","yes","zachowanie copyright; attribution/licencja w dystrybucji","GREEN","zachowaj notice/licencje","git+https://github.com/tailwindlabs/tailwindcss.git","","dev"
"@tailwindcss/node","4.2.2","transitive","transitive devDependency","dev","npm","MIT","LICENSE","MIT License","likely-match","no","yes","zachowanie copyright; attribution/licencja w dystrybucji","GREEN","zachowaj notice/licencje","https://github.com/tailwindlabs/tailwindcss.git","https://tailwindcss.com","dev"
"jiti","2.6.1","transitive","transitive devDependency","dev","npm","MIT","LICENSE","MIT License","likely-match","no","yes","zachowanie copyright; attribution/licencja w dystrybucji","GREEN","zachowaj notice/licencje","unjs/jiti","","dev"
"source-map-js","1.2.1","transitive","transitive devDependency","dev","npm","BSD-3-Clause","LICENSE","","insufficient-data","no","yes","zachowanie copyright; attribution/licencja w dystrybucji","GREEN","zachowaj notice/licencje","7rulnik/source-map-js","https://github.com/7rulnik/source-map-js","dev"
"enhanced-resolve","5.20.1","transitive","transitive devDependency","dev","npm","MIT","LICENSE","","insufficient-data","no","yes","zachowanie copyright; attribution/licencja w dystrybucji","GREEN","zachowaj notice/licencje","git://github.com/webpack/enhanced-resolve.git","http://github.com/webpack/enhanced-resolve","dev"
"graceful-fs","4.2.11","transitive","transitive devDependency","dev","npm","ISC","LICENSE","ISC License","likely-match","no","yes","zachowanie copyright; attribution/licencja w dystrybucji","GREEN","zachowaj notice/licencje","https://github.com/isaacs/node-graceful-fs","","dev"
"tapable","2.3.2","transitive","transitive devDependency","dev","npm","MIT","LICENSE","MIT License","likely-match","no","yes","zachowanie copyright; attribution/licencja w dystrybucji","GREEN","zachowaj notice/licencje","http://github.com/webpack/tapable.git","https://github.com/webpack/tapable","dev"
"lightningcss","1.32.0","transitive","transitive devDependency","dev","npm","MPL-2.0","LICENSE","Mozilla Public License","mismatch-possible","no","yes","zachowanie copyright; wymagana weryfikacja prawna","YELLOW","weryfikacja legal + notice","https://github.com/parcel-bundler/lightningcss.git","","dev"
"detect-libc","2.1.2","transitive","transitive devDependency","dev","npm","Apache-2.0","LICENSE","Apache License","mismatch-possible","no","yes","zachowanie copyright; NOTICE (je?li istnieje); patent notice","GREEN","zachowaj notice/licencje","git://github.com/lovell/detect-libc.git","","dev"
"@jridgewell/remapping","2.3.5","transitive","transitive devDependency","dev","npm","MIT","LICENSE","","insufficient-data","no","yes","zachowanie copyright; attribution/licencja w dystrybucji","GREEN","zachowaj notice/licencje","git+https://github.com/jridgewell/sourcemaps.git","https://github.com/jridgewell/sourcemaps/tree/main/packages/remapping","dev"
"@jridgewell/trace-mapping","0.3.31","transitive","transitive devDependency","dev","npm","MIT","LICENSE","","insufficient-data","no","yes","zachowanie copyright; attribution/licencja w dystrybucji","GREEN","zachowaj notice/licencje","git+https://github.com/jridgewell/sourcemaps.git","https://github.com/jridgewell/sourcemaps/tree/main/packages/trace-mapping","dev"
"@jridgewell/gen-mapping","0.3.13","transitive","transitive devDependency","dev","npm","MIT","LICENSE","","insufficient-data","no","yes","zachowanie copyright; attribution/licencja w dystrybucji","GREEN","zachowaj notice/licencje","git+https://github.com/jridgewell/sourcemaps.git","https://github.com/jridgewell/sourcemaps/tree/main/packages/gen-mapping","dev"
"@jridgewell/sourcemap-codec","1.5.5","transitive","transitive devDependency","dev","npm","MIT","LICENSE","","insufficient-data","no","yes","zachowanie copyright; attribution/licencja w dystrybucji","GREEN","zachowaj notice/licencje","git+https://github.com/jridgewell/sourcemaps.git","https://github.com/jridgewell/sourcemaps/tree/main/packages/sourcemap-codec","dev"
"cspell","10.0.0","direct","devDependency","dev","npm","MIT","LICENSE","MIT License","likely-match","no","yes","zachowanie copyright; attribution/licencja w dystrybucji","GREEN","zachowaj notice/licencje","https://github.com/streetsidesoftware/cspell.git","https://cspell.org/","dev"
"@cspell/cspell-performance-monitor","10.0.0","transitive","transitive devDependency","dev","npm","MIT","LICENSE","MIT License","likely-match","no","yes","zachowanie copyright; attribution/licencja w dystrybucji","GREEN","zachowaj notice/licencje","https://github.com/streetsidesoftware/cspell.git","https://github.com/streetsidesoftware/cspell/tree/main/packages/cspell-performance-monitor#readme","dev"
"@cspell/cspell-pipe","10.0.0","transitive","transitive devDependency","dev","npm","MIT","LICENSE","MIT License","likely-match","no","yes","zachowanie copyright; attribution/licencja w dystrybucji","GREEN","zachowaj notice/licencje","https://github.com/streetsidesoftware/cspell.git","https://github.com/streetsidesoftware/cspell/tree/main/packages/cspell-pipe#readme","dev"
"@cspell/cspell-types","10.0.0","transitive","transitive devDependency","dev","npm","MIT","LICENSE","MIT License","likely-match","no","yes","zachowanie copyright; attribution/licencja w dystrybucji","GREEN","zachowaj notice/licencje","https://github.com/streetsidesoftware/cspell.git","https://github.com/streetsidesoftware/cspell/tree/main/packages/cspell-types#readme","dev"
"@cspell/dynamic-import","10.0.0","transitive","transitive devDependency","dev","npm","MIT","LICENSE","MIT License","likely-match","no","yes","zachowanie copyright; attribution/licencja w dystrybucji","GREEN","zachowaj notice/licencje","https://github.com/streetsidesoftware/cspell.git","https://github.com/streetsidesoftware/cspell/tree/main/packages/dynamic-import#readme","dev"
"@cspell/url","10.0.0","transitive","transitive devDependency","dev","npm","MIT","LICENSE","MIT License","likely-match","no","yes","zachowanie copyright; attribution/licencja w dystrybucji","GREEN","zachowaj notice/licencje","https://github.com/streetsidesoftware/cspell.git","https://github.com/streetsidesoftware/cspell/tree/main/packages/cspell-url#readme","dev"
"ansi-regex","6.2.2","transitive","transitive devDependency","dev","npm","MIT","license","MIT License","likely-match","no","yes","zachowanie copyright; attribution/licencja w dystrybucji","GREEN","zachowaj notice/licencje","chalk/ansi-regex","","dev"
"chalk","5.6.2","transitive","transitive devDependency","dev","npm","MIT","license","MIT License","likely-match","no","yes","zachowanie copyright; attribution/licencja w dystrybucji","GREEN","zachowaj notice/licencje","chalk/chalk","","dev"
"commander","14.0.3","transitive","transitive devDependency","dev","npm","MIT","LICENSE","MIT License","likely-match","no","yes","zachowanie copyright; attribution/licencja w dystrybucji","GREEN","zachowaj notice/licencje","git+https://github.com/tj/commander.js.git","","dev"
"cspell-config-lib","10.0.0","transitive","transitive devDependency","dev","npm","MIT","LICENSE","MIT License","likely-match","no","yes","zachowanie copyright; attribution/licencja w dystrybucji","GREEN","zachowaj notice/licencje","https://github.com/streetsidesoftware/cspell.git","https://github.com/streetsidesoftware/cspell/tree/main/packages/cspell-config-lib#readme","dev"
"cspell-dictionary","10.0.0","transitive","transitive devDependency","dev","npm","MIT","LICENSE","MIT License","likely-match","no","yes","zachowanie copyright; attribution/licencja w dystrybucji","GREEN","zachowaj notice/licencje","https://github.com/streetsidesoftware/cspell.git","https://github.com/streetsidesoftware/cspell/tree/main/packages/cspell-dictionary#readme","dev"
"cspell-glob","10.0.0","transitive","transitive devDependency","dev","npm","MIT","LICENSE","MIT License","likely-match","no","yes","zachowanie copyright; attribution/licencja w dystrybucji","GREEN","zachowaj notice/licencje","https://github.com/streetsidesoftware/cspell.git","https://github.com/streetsidesoftware/cspell/tree/main/packages/cspell-glob#readme","dev"
"cspell-io","10.0.0","transitive","transitive devDependency","dev","npm","MIT","LICENSE","MIT License","likely-match","no","yes","zachowanie copyright; attribution/licencja w dystrybucji","GREEN","zachowaj notice/licencje","https://github.com/streetsidesoftware/cspell.git","https://github.com/streetsidesoftware/cspell/tree/main/packages/cspell-io#readme","dev"
"cspell-lib","10.0.0","transitive","transitive devDependency","dev","npm","MIT","LICENSE","MIT License","likely-match","no","yes","zachowanie copyright; attribution/licencja w dystrybucji","GREEN","zachowaj notice/licencje","https://github.com/streetsidesoftware/cspell.git","https://github.com/streetsidesoftware/cspell/tree/main/packages/cspell-lib#readme","dev"
"fast-json-stable-stringify","2.1.0","transitive","transitive devDependency","dev","npm","MIT","LICENSE","MIT license","likely-match","no","yes","zachowanie copyright; attribution/licencja w dystrybucji","GREEN","zachowaj notice/licencje","git://github.com/epoberezkin/fast-json-stable-stringify.git","https://github.com/epoberezkin/fast-json-stable-stringify","dev"
"flatted","3.4.2","transitive","transitive devDependency","dev","npm","ISC","LICENSE","ISC License","likely-match","no","yes","zachowanie copyright; attribution/licencja w dystrybucji","GREEN","zachowaj notice/licencje","git+https://github.com/WebReflection/flatted.git","https://github.com/WebReflection/flatted#readme","dev"
"semver","7.7.4","transitive","transitive devDependency","dev","npm","ISC","LICENSE","ISC License","likely-match","no","yes","zachowanie copyright; attribution/licencja w dystrybucji","GREEN","zachowaj notice/licencje","git+https://github.com/npm/node-semver.git","","dev"
"@cspell/cspell-json-reporter","10.0.0","transitive","transitive devDependency","dev","npm","MIT","LICENSE","MIT License","likely-match","no","yes","zachowanie copyright; attribution/licencja w dystrybucji","GREEN","zachowaj notice/licencje","https://github.com/streetsidesoftware/cspell.git","https://github.com/streetsidesoftware/cspell/tree/main/packages/cspell-json-reporter#readme","dev"
"chalk-template","1.1.2","transitive","transitive devDependency","dev","npm","MIT","license","MIT License","likely-match","no","yes","zachowanie copyright; attribution/licencja w dystrybucji","GREEN","zachowaj notice/licencje","chalk/chalk-template","","dev"
"cspell-gitignore","10.0.0","transitive","transitive devDependency","dev","npm","MIT","LICENSE","MIT License","likely-match","no","yes","zachowanie copyright; attribution/licencja w dystrybucji","GREEN","zachowaj notice/licencje","https://github.com/streetsidesoftware/cspell.git","https://github.com/streetsidesoftware/cspell/tree/main/packages/cspell-gitignore#readme","dev"
"@cspell/cspell-worker","10.0.0","transitive","transitive devDependency","dev","npm","MIT","LICENSE","MIT License","likely-match","no","yes","zachowanie copyright; attribution/licencja w dystrybucji","GREEN","zachowaj notice/licencje","https://github.com/streetsidesoftware/cspell.git","https://github.com/streetsidesoftware/cspell/tree/main/packages/cspell-worker#readme","dev"
"@vitejs/plugin-react","4.7.0","direct","devDependency","dev","npm","MIT","LICENSE","MIT License","likely-match","no","yes","zachowanie copyright; attribution/licencja w dystrybucji","GREEN","zachowaj notice/licencje","git+https://github.com/vitejs/vite-plugin-react.git","https://github.com/vitejs/vite-plugin-react/tree/main/packages/plugin-react#readme","dev"
"@rolldown/pluginutils","1.0.0-beta.27","transitive","transitive devDependency","dev","npm","MIT","LICENSE","MIT License","likely-match","no","yes","zachowanie copyright; attribution/licencja w dystrybucji","GREEN","zachowaj notice/licencje","git+https://github.com/rolldown/rolldown.git","","dev"
"react-refresh","0.17.0","transitive","transitive devDependency","dev","npm","MIT","LICENSE","MIT License","likely-match","no","yes","zachowanie copyright; attribution/licencja w dystrybucji","GREEN","zachowaj notice/licencje","https://github.com/facebook/react.git","https://react.dev/","dev"
"@babel/plugin-transform-react-jsx-self","7.27.1","transitive","transitive devDependency","dev","npm","MIT","LICENSE","MIT License","likely-match","no","yes","zachowanie copyright; attribution/licencja w dystrybucji","GREEN","zachowaj notice/licencje","https://github.com/babel/babel.git","https://babel.dev/docs/en/next/babel-plugin-transform-react-jsx-self","dev"
"@babel/core","7.29.0","transitive","transitive devDependency","dev","npm","MIT","LICENSE","MIT License","likely-match","no","yes","zachowanie copyright; attribution/licencja w dystrybucji","GREEN","zachowaj notice/licencje","https://github.com/babel/babel.git","https://babel.dev/docs/en/next/babel-core","dev"
"@babel/helper-plugin-utils","7.28.6","transitive","transitive devDependency","dev","npm","MIT","LICENSE","MIT License","likely-match","no","yes","zachowanie copyright; attribution/licencja w dystrybucji","GREEN","zachowaj notice/licencje","https://github.com/babel/babel.git","https://babel.dev/docs/en/next/babel-helper-plugin-utils","dev"
"@babel/plugin-transform-react-jsx-source","7.27.1","transitive","transitive devDependency","dev","npm","MIT","LICENSE","MIT License","likely-match","no","yes","zachowanie copyright; attribution/licencja w dystrybucji","GREEN","zachowaj notice/licencje","https://github.com/babel/babel.git","https://babel.dev/docs/en/next/babel-plugin-transform-react-jsx-source","dev"
"@types/babel__core","7.20.5","transitive","transitive devDependency","dev","npm","MIT","LICENSE","MIT License","likely-match","no","yes","zachowanie copyright; attribution/licencja w dystrybucji","GREEN","zachowaj notice/licencje","https://github.com/DefinitelyTyped/DefinitelyTyped.git","https://github.com/DefinitelyTyped/DefinitelyTyped/tree/master/types/babel__core","dev"
"@babel/parser","7.29.2","transitive","transitive devDependency","dev","npm","MIT","LICENSE","","insufficient-data","no","yes","zachowanie copyright; attribution/licencja w dystrybucji","GREEN","zachowaj notice/licencje","https://github.com/babel/babel.git","https://babel.dev/docs/en/next/babel-parser","dev"
"@babel/types","7.29.0","transitive","transitive devDependency","dev","npm","MIT","LICENSE","MIT License","likely-match","no","yes","zachowanie copyright; attribution/licencja w dystrybucji","GREEN","zachowaj notice/licencje","https://github.com/babel/babel.git","https://babel.dev/docs/en/next/babel-types","dev"
"@types/babel__generator","7.27.0","transitive","transitive devDependency","dev","npm","MIT","LICENSE","MIT License","likely-match","no","yes","zachowanie copyright; attribution/licencja w dystrybucji","GREEN","zachowaj notice/licencje","https://github.com/DefinitelyTyped/DefinitelyTyped.git","https://github.com/DefinitelyTyped/DefinitelyTyped/tree/master/types/babel__generator","dev"
"@types/babel__template","7.4.4","transitive","transitive devDependency","dev","npm","MIT","LICENSE","MIT License","likely-match","no","yes","zachowanie copyright; attribution/licencja w dystrybucji","GREEN","zachowaj notice/licencje","https://github.com/DefinitelyTyped/DefinitelyTyped.git","https://github.com/DefinitelyTyped/DefinitelyTyped/tree/master/types/babel__template","dev"
"@types/babel__traverse","7.28.0","transitive","transitive devDependency","dev","npm","MIT","LICENSE","MIT License","likely-match","no","yes","zachowanie copyright; attribution/licencja w dystrybucji","GREEN","zachowaj notice/licencje","https://github.com/DefinitelyTyped/DefinitelyTyped.git","https://github.com/DefinitelyTyped/DefinitelyTyped/tree/master/types/babel__traverse","dev"
"jsdom","25.0.1","direct","devDependency","dev","npm","MIT","LICENSE.txt","","insufficient-data","no","yes","zachowanie copyright; attribution/licencja w dystrybucji","GREEN","zachowaj notice/licencje","git+https://github.com/jsdom/jsdom.git","","dev"
"decimal.js","10.6.0","transitive","transitive devDependency","dev","npm","MIT","LICENCE.md","","insufficient-data","no","yes","zachowanie copyright; attribution/licencja w dystrybucji","GREEN","zachowaj notice/licencje","https://github.com/MikeMcl/decimal.js.git","","dev"
"is-potential-custom-element-name","1.0.1","transitive","transitive devDependency","dev","npm","MIT","","","insufficient-data","no","yes","zachowanie copyright; attribution/licencja w dystrybucji","GREEN","zachowaj notice/licencje","https://github.com/mathiasbynens/is-potential-custom-element-name.git","https://github.com/mathiasbynens/is-potential-custom-element-name","dev"
"nwsapi","2.2.23","transitive","transitive devDependency","dev","npm","MIT","LICENSE","","insufficient-data","no","yes","zachowanie copyright; attribution/licencja w dystrybucji","GREEN","zachowaj notice/licencje","git://github.com/dperini/nwsapi.git","https://javascript.nwbox.com/nwsapi/","dev"
"rrweb-cssom","0.7.1","transitive","transitive devDependency","dev","npm","MIT","LICENSE.txt","","insufficient-data","no","yes","zachowanie copyright; attribution/licencja w dystrybucji","GREEN","zachowaj notice/licencje","rrweb-io/CSSOM","","dev"
"symbol-tree","3.2.4","transitive","transitive devDependency","dev","npm","MIT","LICENSE","MIT License","likely-match","no","yes","zachowanie copyright; attribution/licencja w dystrybucji","GREEN","zachowaj notice/licencje","https://github.com/jsdom/js-symbol-tree.git","https://github.com/jsdom/js-symbol-tree#symbol-tree","dev"
"webidl-conversions","7.0.0","transitive","transitive devDependency","dev","npm","BSD-2-Clause","LICENSE.md","BSD","likely-match","no","yes","zachowanie copyright; attribution/licencja w dystrybucji","GREEN","zachowaj notice/licencje","jsdom/webidl-conversions","","dev"
"whatwg-encoding","3.1.1","transitive","transitive devDependency","dev","npm","MIT","LICENSE.txt","","insufficient-data","no","yes","zachowanie copyright; attribution/licencja w dystrybucji","GREEN","zachowaj notice/licencje","jsdom/whatwg-encoding","","dev"
"whatwg-mimetype","4.0.0","transitive","transitive devDependency","dev","npm","MIT","LICENSE.txt","","insufficient-data","no","yes","zachowanie copyright; attribution/licencja w dystrybucji","GREEN","zachowaj notice/licencje","jsdom/whatwg-mimetype","","dev"
"whatwg-url","14.2.0","transitive","transitive devDependency","dev","npm","MIT","LICENSE.txt","MIT License","likely-match","no","yes","zachowanie copyright; attribution/licencja w dystrybucji","GREEN","zachowaj notice/licencje","jsdom/whatwg-url","","dev"
"ws","8.20.0","transitive","transitive devDependency","dev","npm","MIT","LICENSE","","insufficient-data","no","yes","zachowanie copyright; attribution/licencja w dystrybucji","GREEN","zachowaj notice/licencje","git+https://github.com/websockets/ws.git","https://github.com/websockets/ws","dev"
"xml-name-validator","5.0.0","transitive","transitive devDependency","dev","npm","Apache-2.0","LICENSE.txt","Apache License","mismatch-possible","no","yes","zachowanie copyright; NOTICE (je?li istnieje); patent notice","GREEN","zachowaj notice/licencje","jsdom/xml-name-validator","","dev"
"http-proxy-agent","7.0.2","transitive","transitive devDependency","dev","npm","MIT","LICENSE","MIT License","likely-match","no","yes","zachowanie copyright; attribution/licencja w dystrybucji","GREEN","zachowaj notice/licencje","https://github.com/TooTallNate/proxy-agents.git","","dev"
"agent-base","7.1.4","transitive","transitive devDependency","dev","npm","MIT","LICENSE","MIT License","likely-match","no","yes","zachowanie copyright; attribution/licencja w dystrybucji","GREEN","zachowaj notice/licencje","https://github.com/TooTallNate/proxy-agents.git","","dev"
"https-proxy-agent","7.0.6","transitive","transitive devDependency","dev","npm","MIT","LICENSE","MIT License","likely-match","no","yes","zachowanie copyright; attribution/licencja w dystrybucji","GREEN","zachowaj notice/licencje","https://github.com/TooTallNate/proxy-agents.git","","dev"
"parse5","7.3.0","transitive","transitive devDependency","dev","npm","MIT","LICENSE","","insufficient-data","no","yes","zachowanie copyright; attribution/licencja w dystrybucji","GREEN","zachowaj notice/licencje","git://github.com/inikulin/parse5.git","https://parse5.js.org","dev"
"entities","6.0.1","transitive","transitive devDependency","dev","npm","BSD-2-Clause","LICENSE","","insufficient-data","no","yes","zachowanie copyright; attribution/licencja w dystrybucji","GREEN","zachowaj notice/licencje","git://github.com/fb55/entities.git","","dev"
"saxes","6.0.0","transitive","transitive devDependency","dev","npm","ISC","","","insufficient-data","no","yes","zachowanie copyright; attribution/licencja w dystrybucji","GREEN","zachowaj notice/licencje","https://github.com/lddubeau/saxes.git","","dev"
"xmlchars","2.2.0","transitive","transitive devDependency","dev","npm","MIT","LICENSE","","insufficient-data","no","yes","zachowanie copyright; attribution/licencja w dystrybucji","GREEN","zachowaj notice/licencje","https://github.com/lddubeau/xmlchars.git","","dev"
"w3c-xmlserializer","5.0.0","transitive","transitive devDependency","dev","npm","MIT","LICENSE.md","MIT License","likely-match","no","yes","zachowanie copyright; attribution/licencja w dystrybucji","GREEN","zachowaj notice/licencje","jsdom/w3c-xmlserializer","","dev"
"tough-cookie","5.1.2","transitive","transitive devDependency","dev","npm","BSD-3-Clause","LICENSE","","insufficient-data","no","yes","zachowanie copyright; attribution/licencja w dystrybucji","GREEN","zachowaj notice/licencje","git://github.com/salesforce/tough-cookie.git","https://github.com/salesforce/tough-cookie","dev"
"tldts","6.1.86","transitive","transitive devDependency","dev","npm","MIT","LICENSE","","insufficient-data","no","yes","zachowanie copyright; attribution/licencja w dystrybucji","GREEN","zachowaj notice/licencje","git+ssh://git@github.com/remusao/tldts.git","https://github.com/remusao/tldts#readme","dev"
"tldts-core","6.1.86","transitive","transitive devDependency","dev","npm","MIT","LICENSE","","insufficient-data","no","yes","zachowanie copyright; attribution/licencja w dystrybucji","GREEN","zachowaj notice/licencje","git+ssh://git@github.com/remusao/tldts.git","https://github.com/remusao/tldts#readme","dev"
"data-urls","5.0.0","transitive","transitive devDependency","dev","npm","MIT","LICENSE.txt","","insufficient-data","no","yes","zachowanie copyright; attribution/licencja w dystrybucji","GREEN","zachowaj notice/licencje","jsdom/data-urls","","dev"
"html-encoding-sniffer","4.0.0","transitive","transitive devDependency","dev","npm","MIT","LICENSE.txt","","insufficient-data","no","yes","zachowanie copyright; attribution/licencja w dystrybucji","GREEN","zachowaj notice/licencje","jsdom/html-encoding-sniffer","","dev"
"cssstyle","4.6.0","transitive","transitive devDependency","dev","npm","MIT","LICENSE","","insufficient-data","no","yes","zachowanie copyright; attribution/licencja w dystrybucji","GREEN","zachowaj notice/licencje","jsdom/cssstyle","https://github.com/jsdom/cssstyle","dev"
"rrweb-cssom","0.8.0","transitive","transitive devDependency","dev","npm","MIT","LICENSE.txt","","insufficient-data","no","yes","zachowanie copyright; attribution/licencja w dystrybucji","GREEN","zachowaj notice/licencje","rrweb-io/CSSOM","","dev"
"@asamuzakjp/css-color","3.2.0","transitive","transitive devDependency","dev","npm","MIT","LICENSE","MIT License","likely-match","no","yes","zachowanie copyright; attribution/licencja w dystrybucji","GREEN","zachowaj notice/licencje","git+https://github.com/asamuzaK/cssColor.git","https://github.com/asamuzaK/cssColor#readme","dev"
"@csstools/css-parser-algorithms","3.0.5","transitive","transitive devDependency","dev","npm","MIT","LICENSE.md","MIT License","likely-match","no","yes","zachowanie copyright; attribution/licencja w dystrybucji","GREEN","zachowaj notice/licencje","git+https://github.com/csstools/postcss-plugins.git","https://github.com/csstools/postcss-plugins/tree/main/packages/css-parser-algorithms#readme","dev"
"@csstools/css-tokenizer","3.0.4","transitive","transitive devDependency","dev","npm","MIT","LICENSE.md","MIT License","likely-match","no","yes","zachowanie copyright; attribution/licencja w dystrybucji","GREEN","zachowaj notice/licencje","git+https://github.com/csstools/postcss-plugins.git","https://github.com/csstools/postcss-plugins/tree/main/packages/css-tokenizer#readme","dev"
"lru-cache","10.4.3","transitive","transitive devDependency","dev","npm","ISC","LICENSE","ISC License","likely-match","no","yes","zachowanie copyright; attribution/licencja w dystrybucji","GREEN","zachowaj notice/licencje","git://github.com/isaacs/node-lru-cache.git","","dev"
"@csstools/css-color-parser","3.1.0","transitive","transitive devDependency","dev","npm","MIT","LICENSE.md","MIT License","likely-match","no","yes","zachowanie copyright; attribution/licencja w dystrybucji","GREEN","zachowaj notice/licencje","git+https://github.com/csstools/postcss-plugins.git","https://github.com/csstools/postcss-plugins/tree/main/packages/css-color-parser#readme","dev"
"@csstools/color-helpers","5.1.0","transitive","transitive devDependency","dev","npm","MIT-0","LICENSE.md","","insufficient-data","no","yes","zachowanie copyright; attribution/licencja w dystrybucji","GREEN","zachowaj notice/licencje","git+https://github.com/csstools/postcss-plugins.git","https://github.com/csstools/postcss-plugins/tree/main/packages/color-helpers#readme","dev"
"@csstools/css-calc","2.1.4","transitive","transitive devDependency","dev","npm","MIT","LICENSE.md","MIT License","likely-match","no","yes","zachowanie copyright; attribution/licencja w dystrybucji","GREEN","zachowaj notice/licencje","git+https://github.com/csstools/postcss-plugins.git","https://github.com/csstools/postcss-plugins/tree/main/packages/css-calc#readme","dev"
"form-data","4.0.5","transitive","transitive devDependency","dev","npm","MIT","License","","insufficient-data","no","yes","zachowanie copyright; attribution/licencja w dystrybucji","GREEN","zachowaj notice/licencje","git://github.com/form-data/form-data.git","","dev"
"asynckit","0.4.0","transitive","transitive devDependency","dev","npm","MIT","LICENSE","MIT License","likely-match","no","yes","zachowanie copyright; attribution/licencja w dystrybucji","GREEN","zachowaj notice/licencje","git+https://github.com/alexindigo/asynckit.git","https://github.com/alexindigo/asynckit#readme","dev"
"hasown","2.0.2","transitive","transitive devDependency","dev","npm","MIT","LICENSE","MIT License","likely-match","no","yes","zachowanie copyright; attribution/licencja w dystrybucji","GREEN","zachowaj notice/licencje","git+https://github.com/inspect-js/hasOwn.git","https://github.com/inspect-js/hasOwn#readme","dev"
"combined-stream","1.0.8","transitive","transitive devDependency","dev","npm","MIT","License","","insufficient-data","no","yes","zachowanie copyright; attribution/licencja w dystrybucji","GREEN","zachowaj notice/licencje","git://github.com/felixge/node-combined-stream.git","https://github.com/felixge/node-combined-stream","dev"
"delayed-stream","1.0.0","transitive","transitive devDependency","dev","npm","MIT","License","","insufficient-data","no","yes","zachowanie copyright; attribution/licencja w dystrybucji","GREEN","zachowaj notice/licencje","git://github.com/felixge/node-delayed-stream.git","https://github.com/felixge/node-delayed-stream","dev"
"mime-types","2.1.35","transitive","transitive devDependency","dev","npm","MIT","LICENSE","MIT License","likely-match","no","yes","zachowanie copyright; attribution/licencja w dystrybucji","GREEN","zachowaj notice/licencje","jshttp/mime-types","","dev"
"mime-db","1.52.0","transitive","transitive devDependency","dev","npm","MIT","LICENSE","MIT License","likely-match","no","yes","zachowanie copyright; attribution/licencja w dystrybucji","GREEN","zachowaj notice/licencje","jshttp/mime-db","","dev"
"es-set-tostringtag","2.1.0","transitive","transitive devDependency","dev","npm","MIT","LICENSE","MIT License","likely-match","no","yes","zachowanie copyright; attribution/licencja w dystrybucji","GREEN","zachowaj notice/licencje","git+https://github.com/es-shims/es-set-tostringtag.git","https://github.com/es-shims/es-set-tostringtag#readme","dev"
"es-errors","1.3.0","transitive","transitive devDependency","dev","npm","MIT","LICENSE","MIT License","likely-match","no","yes","zachowanie copyright; attribution/licencja w dystrybucji","GREEN","zachowaj notice/licencje","git+https://github.com/ljharb/es-errors.git","https://github.com/ljharb/es-errors#readme","dev"
"has-tostringtag","1.0.2","transitive","transitive devDependency","dev","npm","MIT","LICENSE","MIT License","likely-match","no","yes","zachowanie copyright; attribution/licencja w dystrybucji","GREEN","zachowaj notice/licencje","git+https://github.com/inspect-js/has-tostringtag.git","https://github.com/inspect-js/has-tostringtag#readme","dev"
"has-symbols","1.1.0","transitive","transitive devDependency","dev","npm","MIT","LICENSE","MIT License","likely-match","no","yes","zachowanie copyright; attribution/licencja w dystrybucji","GREEN","zachowaj notice/licencje","git://github.com/inspect-js/has-symbols.git","https://github.com/ljharb/has-symbols#readme","dev"
"get-intrinsic","1.3.0","transitive","transitive devDependency","dev","npm","MIT","LICENSE","MIT License","likely-match","no","yes","zachowanie copyright; attribution/licencja w dystrybucji","GREEN","zachowaj notice/licencje","git+https://github.com/ljharb/get-intrinsic.git","https://github.com/ljharb/get-intrinsic#readme","dev"
"es-define-property","1.0.1","transitive","transitive devDependency","dev","npm","MIT","LICENSE","MIT License","likely-match","no","yes","zachowanie copyright; attribution/licencja w dystrybucji","GREEN","zachowaj notice/licencje","git+https://github.com/ljharb/es-define-property.git","https://github.com/ljharb/es-define-property#readme","dev"
"function-bind","1.1.2","transitive","transitive devDependency","dev","npm","MIT","LICENSE","","insufficient-data","no","yes","zachowanie copyright; attribution/licencja w dystrybucji","GREEN","zachowaj notice/licencje","https://github.com/Raynos/function-bind.git","https://github.com/Raynos/function-bind","dev"
"gopd","1.2.0","transitive","transitive devDependency","dev","npm","MIT","LICENSE","MIT License","likely-match","no","yes","zachowanie copyright; attribution/licencja w dystrybucji","GREEN","zachowaj notice/licencje","git+https://github.com/ljharb/gopd.git","https://github.com/ljharb/gopd#readme","dev"
"math-intrinsics","1.1.0","transitive","transitive devDependency","dev","npm","MIT","LICENSE","MIT License","likely-match","no","yes","zachowanie copyright; attribution/licencja w dystrybucji","GREEN","zachowaj notice/licencje","git+https://github.com/es-shims/math-intrinsics.git","https://github.com/es-shims/math-intrinsics#readme","dev"
"call-bind-apply-helpers","1.0.2","transitive","transitive devDependency","dev","npm","MIT","LICENSE","MIT License","likely-match","no","yes","zachowanie copyright; attribution/licencja w dystrybucji","GREEN","zachowaj notice/licencje","git+https://github.com/ljharb/call-bind-apply-helpers.git","https://github.com/ljharb/call-bind-apply-helpers#readme","dev"
"es-object-atoms","1.1.1","transitive","transitive devDependency","dev","npm","MIT","LICENSE","MIT License","likely-match","no","yes","zachowanie copyright; attribution/licencja w dystrybucji","GREEN","zachowaj notice/licencje","git+https://github.com/ljharb/es-object-atoms.git","https://github.com/ljharb/es-object-atoms#readme","dev"
"get-proto","1.0.1","transitive","transitive devDependency","dev","npm","MIT","LICENSE","MIT License","likely-match","no","yes","zachowanie copyright; attribution/licencja w dystrybucji","GREEN","zachowaj notice/licencje","git+https://github.com/ljharb/get-proto.git","https://github.com/ljharb/get-proto#readme","dev"
"dunder-proto","1.0.1","transitive","transitive devDependency","dev","npm","MIT","LICENSE","MIT License","likely-match","no","yes","zachowanie copyright; attribution/licencja w dystrybucji","GREEN","zachowaj notice/licencje","git+https://github.com/es-shims/dunder-proto.git","https://github.com/es-shims/dunder-proto#readme","dev"
"typescript-eslint","8.58.0","direct","devDependency","dev","npm","MIT","LICENSE","MIT License","likely-match","no","yes","zachowanie copyright; attribution/licencja w dystrybucji","GREEN","zachowaj notice/licencje","https://github.com/typescript-eslint/typescript-eslint.git","https://typescript-eslint.io/packages/typescript-eslint","dev"
"@typescript-eslint/parser","8.58.0","transitive","transitive devDependency","dev","npm","MIT","LICENSE","MIT License","likely-match","no","yes","zachowanie copyright; attribution/licencja w dystrybucji","GREEN","zachowaj notice/licencje","https://github.com/typescript-eslint/typescript-eslint.git","https://typescript-eslint.io/packages/parser","dev"
"@typescript-eslint/typescript-estree","8.58.0","transitive","transitive devDependency","dev","npm","MIT","LICENSE","MIT License","likely-match","no","yes","zachowanie copyright; attribution/licencja w dystrybucji","GREEN","zachowaj notice/licencje","https://github.com/typescript-eslint/typescript-eslint.git","https://typescript-eslint.io/packages/typescript-estree","dev"
"@typescript-eslint/utils","8.58.0","transitive","transitive devDependency","dev","npm","MIT","LICENSE","MIT License","likely-match","no","yes","zachowanie copyright; attribution/licencja w dystrybucji","GREEN","zachowaj notice/licencje","https://github.com/typescript-eslint/typescript-eslint.git","https://typescript-eslint.io/packages/utils","dev"
"@typescript-eslint/eslint-plugin","8.58.0","transitive","transitive devDependency","dev","npm","MIT","LICENSE","MIT License","likely-match","no","yes","zachowanie copyright; attribution/licencja w dystrybucji","GREEN","zachowaj notice/licencje","https://github.com/typescript-eslint/typescript-eslint.git","https://typescript-eslint.io/packages/eslint-plugin","dev"
"@eslint-community/regexpp","4.12.2","transitive","transitive devDependency","dev","npm","MIT","LICENSE","MIT License","likely-match","no","yes","zachowanie copyright; attribution/licencja w dystrybucji","GREEN","zachowaj notice/licencje","https://github.com/eslint-community/regexpp","https://github.com/eslint-community/regexpp#readme","dev"
"@typescript-eslint/scope-manager","8.58.0","transitive","transitive devDependency","dev","npm","MIT","LICENSE","MIT License","likely-match","no","yes","zachowanie copyright; attribution/licencja w dystrybucji","GREEN","zachowaj notice/licencje","https://github.com/typescript-eslint/typescript-eslint.git","https://typescript-eslint.io/packages/scope-manager","dev"
"@typescript-eslint/visitor-keys","8.58.0","transitive","transitive devDependency","dev","npm","MIT","LICENSE","MIT License","likely-match","no","yes","zachowanie copyright; attribution/licencja w dystrybucji","GREEN","zachowaj notice/licencje","https://github.com/typescript-eslint/typescript-eslint.git","https://typescript-eslint.io","dev"
"ignore","7.0.5","transitive","transitive devDependency","dev","npm","MIT","","","insufficient-data","no","yes","zachowanie copyright; attribution/licencja w dystrybucji","GREEN","zachowaj notice/licencje","git@github.com:kaelzhang/node-ignore.git","","dev"
"natural-compare","1.4.0","transitive","transitive devDependency","dev","npm","MIT","","","insufficient-data","no","yes","zachowanie copyright; attribution/licencja w dystrybucji","GREEN","zachowaj notice/licencje","git://github.com/litejs/natural-compare-lite.git","","dev"
"ts-api-utils","2.5.0","transitive","transitive devDependency","dev","npm","MIT","LICENSE.md","MIT License","likely-match","no","yes","zachowanie copyright; attribution/licencja w dystrybucji","GREEN","zachowaj notice/licencje","https://github.com/JoshuaKGoldberg/ts-api-utils","","dev"
"@typescript-eslint/type-utils","8.58.0","transitive","transitive devDependency","dev","npm","MIT","LICENSE","MIT License","likely-match","no","yes","zachowanie copyright; attribution/licencja w dystrybucji","GREEN","zachowaj notice/licencje","https://github.com/typescript-eslint/typescript-eslint.git","https://typescript-eslint.io","dev"
"@typescript-eslint/types","8.58.0","transitive","transitive devDependency","dev","npm","MIT","LICENSE","MIT License","likely-match","no","yes","zachowanie copyright; attribution/licencja w dystrybucji","GREEN","zachowaj notice/licencje","https://github.com/typescript-eslint/typescript-eslint.git","https://typescript-eslint.io","dev"
"favicon.svg","n/a","direct","asset","asset","repo-local/unknown-origin","","","","insufficient-data","yes","no","udokumentowa? ?r?d?o, licencj?, attribution","UNKNOWN","potwierdzi? pochodzenie i licencj?","","","public/favicon.svg"
"city-intrigue-pack.json","n/a","direct","asset","asset","repo-local/unknown-origin","","","","insufficient-data","no","no","udokumentowa? ?r?d?o, licencj?, attribution","UNKNOWN","potwierdzi? pochodzenie i licencj?","","","docs/samples/generator/city-intrigue-pack.json"